% op straat op intimiderende wijze:  - Subwijken;;;;;;;;;;;;;;;;;;;;;;;;;;;;;;;;;;;
;Oog in Al, Welgelegen;Lombok, Leidseweg;Nieuw Engeland, Schepenbrt;Pijlsweerd;Ondiep, 2e Daalsebrt;Zuilen-west;Zuilen-noord en -oost;Taagdreef, Wolgadreef;Zamenhofdreef, Neckardreef;Vechtzoom, Klopvaart;Zambesidreef, Tigrisdreef;Votulast;Tuindorp, Voordorp;Wittevrouwen, Zeeheldenbrt;Oudwijk, Buiten Wittevrouwen;Abstede, Gansstraat;Wilhelminapark, Rijnsweerd;Binnenstad city- en winkelgeb;Binnenstad woongebied;Lunetten;Oud Hoograven, Tolsteeg;Nieuw Hoograven, Bokkenbrt;Dichterswijk, Rivierenwijk;Transwijk;Kanaleneiland;Terwijde, De Wetering;Het Zand;Leidsche Rijn Centrum e.o;Parkwijk, Langerak;Leidsche Rijn-zuid;Vleuten, Haarzuilens;Veldhuizen, Vleuterweide;De Meern;Rijnenburg;onbekend
nagestaard [2019];18%;24%;24%;22%;24%;20%;19%;17%;20%;11%;18%;19%;14%;23%;21%;22%;26%;29%;24%;21%;23%;17%;18%;25%;21%;15%;10%;19%;14%;.;9%;13%;10%;.;.
nagestaard [2021];17%;28%;20%;22%;23%;27%;21%;23%;17%;18%;15%;21%;17%;21%;25%;22%;25%;29%;19%;19%;24%;13%;21%;20%;20%;16%;12%;19%;17%;.;10%;13%;8%;.;.
nagestaard [2023];20%;28%;25%;35%;30%;27%;20%;21%;23%;15%;15%;23%;15%;21%;26%;24%;28%;35%;29%;19%;24%;23%;24%;24%;24%;15%;16%;18%;13%;.;9%;13%;10%;.;
nagestaard [2025];24%;36%;31%;33%;27%;25%;27%;27%;28%;24%;18%;22%;18%;20%;28%;30%;29%;44%;32%;21%;27%;22%;24%;28%;27%;22%;20%;23%;15%;.;15%;13%;16%;.;
nagefloten [2019];11%;19%;14%;19%;18%;14%;9%;8%;9%;10%;8%;14%;11%;12%;13%;16%;15%;15%;18%;12%;12%;12%;14%;11%;11%;12%;4%;10%;7%;.;5%;12%;4%;.;.
nagefloten [2021];9%;18%;15%;15%;14%;15%;11%;13%;7%;9%;7%;12%;12%;15%;16%;14%;15%;19%;13%;13%;14%;6%;12%;14%;11%;8%;7%;10%;8%;.;6%;5%;3%;.;.
nagefloten [2023];14%;16%;17%;18%;17%;15%;12%;7%;8%;9%;6%;14%;9%;11%;14%;13%;13%;15%;14%;10%;14%;6%;14%;13%;14%;5%;7%;9%;6%;.;6%;7%;4%;.;
nagefloten [2025];11%;21%;18%;18%;15%;15%;10%;13%;11%;9%;10%;15%;11%;14%;16%;18%;17%;20%;16%;8%;13%;12%;13%;12%;15%;11%;10%;10%;5%;.;6%;7%;5%;.;
nageroepen met beledigende opmerkingen [2019];9%;25%;14%;18%;16%;14%;16%;15%;14%;14%;11%;12%;11%;15%;14%;17%;17%;17%;18%;14%;17%;8%;13%;14%;16%;11%;11%;17%;11%;.;8%;13%;6%;.;.
nageroepen met beledigende opmerkingen [2021];8%;18%;22%;16%;17%;19%;19%;20%;16%;15%;13%;17%;11%;14%;19%;12%;14%;16%;17%;13%;17%;12%;13%;15%;15%;11%;15%;12%;8%;.;11%;10%;12%;.;.
nageroepen met beledigende opmerkingen [2023];15%;17%;23%;17%;16%;13%;18%;15%;23%;12%;17%;16%;11%;12%;16%;20%;16%;24%;19%;18%;18%;16%;16%;15%;16%;14%;12%;15%;12%;.;9%;13%;8%;.;
nageroepen met beledigende opmerkingen [2025];19%;27%;18%;22%;22%;18%;26%;17%;20%;22%;16%;15%;12%;9%;21%;15%;21%;30%;23%;16%;21%;21%;18%;18%;20%;19%;16%;15%;14%;.;14%;18%;15%;.;
nageroepen met seksuele opmerkingen [2019];5%;13%;10%;14%;11%;11%;8%;7%;5%;6%;9%;12%;8%;8%;7%;8%;13%;15%;15%;8%;9%;5%;9%;8%;10%;6%;2%;7%;7%;.;3%;4%;3%;.;.
nageroepen met seksuele opmerkingen [2021];6%;15%;13%;11%;11%;11%;10%;10%;6%;6%;7%;5%;10%;13%;13%;8%;14%;14%;6%;10%;9%;4%;9%;11%;10%;3%;2%;7%;3%;.;7%;1%;4%;.;.
nageroepen met seksuele opmerkingen [2023];9%;11%;17%;14%;11%;8%;10%;7%;9%;8%;5%;12%;7%;9%;11%;14%;11%;14%;13%;8%;7%;7%;9%;9%;9%;4%;5%;4%;3%;.;5%;5%;4%;.;
nageroepen met seksuele opmerkingen [2025];7%;19%;15%;13%;10%;10%;9%;7%;13%;9%;10%;11%;6%;10%;13%;15%;13%;18%;18%;8%;10%;9%;9%;11%;8%;6%;8%;6%;5%;.;3%;4%;4%;.;
nagesist [2019];8%;14%;10%;10%;11%;6%;7%;6%;4%;6%;4%;8%;5%;5%;5%;6%;8%;12%;12%;7%;8%;8%;7%;5%;9%;3%;3%;7%;5%;.;5%;5%;2%;.;.
nagesist [2021];5%;12%;10%;8%;7%;9%;6%;12%;5%;5%;3%;8%;7%;5%;9%;6%;8%;14%;8%;7%;8%;4%;8%;5%;4%;2%;2%;6%;6%;.;3%;1%;2%;.;.
nagesist [2023];6%;9%;10%;10%;8%;8%;7%;4%;9%;5%;6%;6%;5%;6%;8%;6%;8%;12%;10%;8%;6%;5%;8%;8%;7%;2%;3%;4%;3%;.;3%;4%;3%;.;
nagesist [2025];8%;17%;11%;8%;7%;8%;4%;6%;8%;8%;7%;9%;7%;8%;9%;4%;11%;16%;11%;5%;9%;6%;8%;9%;10%;7%;7%;6%;5%;.;5%;4%;4%;.;
bespuugd [2019];1%;3%;2%;2%;3%;2%;1%;3%;2%;4%;2%;1%;1%;2%;0%;1%;2%;1%;4%;3%;1%;3%;2%;3%;2%;1%;2%;1%;1%;.;1%;1%;0%;.;.
bespuugd [2021];2%;1%;1%;2%;3%;3%;2%;3%;2%;5%;2%;2%;2%;2%;3%;3%;1%;5%;4%;0%;3%;3%;1%;3%;3%;1%;1%;1%;3%;.;1%;1%;0%;.;.
bespuugd [2023];2%;1%;1%;3%;4%;2%;3%;2%;0%;1%;6%;1%;2%;1%;1%;1%;3%;3%;2%;2%;3%;3%;4%;2%;2%;2%;1%;3%;1%;.;1%;2%;1%;.;
bespuugd [2025];3%;10%;5%;4%;6%;6%;3%;6%;4%;7%;5%;4%;2%;2%;3%;2%;2%;9%;5%;5%;1%;2%;3%;3%;5%;3%;3%;3%;4%;.;4%;2%;4%;.;
in het nauw gedreven [2019];1%;5%;1%;1%;1%;3%;2%;5%;0%;4%;3%;1%;2%;2%;1%;2%;2%;2%;3%;4%;2%;3%;2%;2%;1%;2%;1%;4%;3%;.;1%;1%;0%;.;.
in het nauw gedreven [2021];1%;4%;3%;2%;2%;1%;3%;3%;2%;2%;2%;2%;2%;0%;2%;3%;2%;4%;3%;4%;0%;3%;1%;2%;3%;2%;2%;2%;1%;.;1%;2%;4%;.;.
in het nauw gedreven [2023];3%;2%;4%;2%;3%;2%;2%;4%;5%;1%;4%;2%;2%;3%;3%;2%;2%;3%;7%;2%;5%;3%;3%;2%;2%;3%;2%;3%;1%;.;2%;1%;2%;.;
in het nauw gedreven [2025];1%;5%;1%;1%;3%;2%;6%;5%;2%;5%;3%;3%;2%;3%;1%;4%;2%;7%;5%;3%;2%;3%;2%;4%;3%;3%;2%;1%;3%;.;2%;3%;1%;.;
om seks gevraagd [2019];2%;1%;0%;1%;0%;1%;0%;0%;0%;3%;0%;2%;0%;1%;1%;2%;2%;2%;2%;4%;1%;1%;1%;1%;1%;0%;0%;1%;1%;.;1%;0%;0%;.;.
om seks gevraagd [2021];0%;1%;1%;1%;1%;1%;1%;1%;1%;1%;0%;1%;1%;2%;1%;1%;1%;1%;3%;1%;0%;0%;1%;1%;1%;0%;0%;1%;0%;.;0%;0%;1%;.;.
om seks gevraagd [2023];0%;1%;1%;2%;1%;1%;1%;1%;1%;1%;2%;1%;1%;0%;2%;0%;2%;1%;2%;1%;1%;2%;1%;2%;0%;1%;1%;1%;1%;.;0%;0%;0%;.;
om seks gevraagd [2025];1%;2%;2%;2%;1%;0%;1%;0%;1%;1%;1%;0%;1%;1%;1%;2%;1%;4%;2%;1%;1%;1%;2%;1%;1%;0%;0%;1%;1%;.;0%;0%;0%;.;
betast [2019];0%;2%;0%;1%;1%;1%;1%;1%;1%;1%;1%;0%;0%;0%;1%;1%;2%;1%;1%;2%;2%;1%;0%;1%;2%;1%;0%;2%;0%;.;0%;0%;0%;.;.
betast [2021];0%;0%;1%;1%;1%;2%;0%;1%;0%;1%;2%;1%;1%;1%;0%;0%;1%;2%;1%;1%;2%;0%;0%;1%;1%;0%;0%;0%;0%;.;1%;0%;1%;.;.
betast [2023];0%;1%;2%;1%;1%;1%;0%;0%;0%;0%;2%;1%;0%;0%;1%;2%;1%;0%;1%;1%;1%;0%;0%;1%;0%;0%;0%;1%;0%;.;0%;0%;0%;.;
betast [2025];1%;2%;1%;0%;1%;0%;1%;2%;2%;0%;1%;1%;1%;2%;0%;2%;1%;1%;1%;1%;0%;2%;1%;1%;2%;0%;2%;2%;2%;.;0%;0%;1%;.;
achternagelopen [2019];5%;7%;4%;4%;5%;5%;6%;7%;5%;6%;5%;4%;4%;9%;5%;5%;8%;7%;10%;5%;8%;4%;3%;7%;6%;3%;2%;3%;3%;.;2%;4%;2%;.;.
achternagelopen [2021];4%;8%;10%;7%;6%;5%;4%;9%;9%;8%;4%;3%;2%;6%;7%;3%;9%;12%;8%;7%;6%;4%;3%;7%;5%;2%;2%;4%;3%;.;2%;4%;2%;.;.
achternagelopen [2023];7%;7%;11%;11%;7%;6%;6%;6%;9%;5%;8%;8%;5%;10%;8%;7%;5%;13%;11%;8%;6%;10%;6%;7%;6%;5%;3%;6%;3%;.;4%;4%;2%;.;
achternagelopen [2025];5%;13%;7%;11%;10%;9%;10%;10%;6%;12%;9%;10%;5%;6%;6%;10%;7%;20%;17%;9%;7%;10%;5%;8%;8%;9%;9%;7%;6%;.;5%;5%;4%;.;
niet lastiggevallen [2019];71%;52%;60%;54%;58%;64%;60%;65%;68%;73%;59%;67%;74%;62%;63%;63%;59%;58%;54%;65%;65%;68%;66%;59%;62%;71%;75%;65%;74%;.;82%;72%;80%;.;.
niet lastiggevallen [2021];73%;57%;57%;65%;57%;57%;63%;59%;66%;60%;63%;65%;70%;65%;61%;64%;64%;56%;61%;67%;60%;68%;64%;63%;62%;74%;75%;71%;76%;.;79%;78%;78%;.;.
niet lastiggevallen [2023];64%;57%;59%;51%;56%;55%;61%;62%;54%;69%;69%;61%;73%;65%;58%;60%;60%;49%;51%;62%;57%;62%;58%;60%;57%;70%;68%;68%;76%;.;79%;71%;77%;.;
niet lastiggevallen [2025];60%;42%;55%;47%;52%;56%;52%;50%;57%;52%;58%;63%;70%;67%;60%;58%;57%;44%;49%;60%;58%;57%;61%;53%;48%;57%;60%;62%;67%;.;70%;67%;67%;.;
wil dat liever niet zeggen [2019];2%;2%;4%;4%;3%;3%;5%;2%;2%;1%;13%;1%;1%;1%;0%;1%;1%;0%;2%;3%;1%;6%;2%;4%;9%;1%;3%;4%;2%;.;1%;2%;2%;.;.
wil dat liever niet zeggen [2021];4%;5%;3%;2%;3%;4%;2%;7%;5%;8%;9%;1%;1%;1%;1%;3%;2%;1%;0%;4%;1%;7%;4%;2%;5%;3%;1%;1%;0%;.;1%;1%;1%;.;.
wil dat liever niet zeggen [2023];1%;3%;3%;1%;4%;3%;7%;6%;8%;6%;5%;2%;1%;1%;2%;3%;2%;2%;2%;4%;1%;5%;3%;4%;7%;4%;4%;1%;1%;.;2%;3%;4%;.;
