%  - Subwijken;;;;;;;;;;;;;;;;;;;;;;;;;;;;;;;;;;;
;Oog in Al, Welgelegen;Lombok, Leidseweg;Nieuw Engeland, Schepenbrt;Pijlsweerd;Ondiep, 2e Daalsebrt;Zuilen-west;Zuilen-noord en -oost;Taagdreef, Wolgadreef;Zamenhofdreef, Neckardreef;Vechtzoom, Klopvaart;Zambesidreef, Tigrisdreef;Votulast;Tuindorp, Voordorp;Wittevrouwen, Zeeheldenbrt;Oudwijk, Buiten Wittevrouwen;Abstede, Gansstraat;Wilhelminapark, Rijnsweerd;Binnenstad city- en winkelgeb;Binnenstad woongebied;Lunetten;Oud Hoograven, Tolsteeg;Nieuw Hoograven, Bokkenbrt;Dichterswijk, Rivierenwijk;Transwijk;Kanaleneiland;Terwijde, De Wetering;Het Zand;Leidsche Rijn Centrum e.o;Parkwijk, Langerak;Leidsche Rijn-zuid;Vleuten, Haarzuilens;Veldhuizen, Vleuterweide;De Meern;Rijnenburg;onbekend
% voelt zich wel eens onveilig algemeen [2008];37%;44%;38%;52%;44%;51%;58%;47%;53%;51%;51%;40%;35%;31%;35%;41%;34%;41%;40%;51%;38%;46%;43%;49%;52%;40%;40%;.;35%;.;26%;29%;30%;.;-
% voelt zich wel eens onveilig algemeen [2009];45%;48%;43%;52%;44%;52%;53%;55%;52%;51%;55%;48%;42%;39%;44%;46%;43%;50%;40%;49%;39%;50%;46%;50%;59%;35%;33%;.;39%;.;38%;33%;40%;.;-
% voelt zich wel eens onveilig algemeen [2010];47%;38%;54%;48%;41%;40%;50%;50%;46%;53%;45%;40%;33%;36%;25%;30%;40%;32%;31%;44%;33%;42%;36%;47%;44%;37%;29%;.;31%;.;28%;28%;31%;.;.
% voelt zich wel eens onveilig algemeen [2011];41%;43%;35%;36%;42%;34%;42%;47%;38%;50%;42%;41%;28%;31%;30%;36%;35%;38%;34%;42%;29%;47%;33%;51%;53%;42%;28%;.;32%;.;22%;22%;31%;.;-
% voelt zich wel eens onveilig algemeen [2013];51%;48%;44%;42%;44%;38%;47%;45%;43%;45%;55%;42%;36%;35%;29%;36%;34%;40%;34%;46%;26%;44%;39%;46%;52%;37%;34%;.;40%;.;27%;27%;31%;.;-
% voelt zich wel eens onveilig algemeen [2015];43%;47%;46%;44%;46%;43%;47%;58%;50%;48%;58%;36%;33%;32%;27%;34%;36%;35%;34%;44%;33%;44%;32%;53%;48%;38%;24%;.;31%;.;32%;29%;27%;.;
% voelt zich wel eens onveilig algemeen [2017];34%;49%;39%;47%;44%;41%;43%;57%;46%;42%;51%;35%;39%;28%;37%;36%;26%;33%;38%;49%;35%;47%;38%;47%;50%;27%;21%;.;33%;.;34%;30%;30%;.;
% voelt zich wel eens onveilig algemeen [2019];42%;54%;33%;38%;43%;42%;40%;51%;46%;48%;49%;34%;33%;36%;28%;35%;34%;41%;36%;55%;35%;44%;33%;52%;48%;39%;29%;38%;36%;.;27%;28%;35%;.;.
% voelt zich wel eens onveilig algemeen [2021];32%;50%;40%;34%;47%;32%;43%;48%;39%;52%;44%;30%;37%;29%;31%;33%;36%;39%;38%;50%;38%;40%;37%;39%;45%;31%;36%;33%;33%;.;27%;29%;33%;.;.
% voelt zich wel eens onveilig algemeen [2023];40%;50%;50%;47%;44%;41%;46%;53%;50%;47%;52%;36%;38%;34%;41%;36%;39%;49%;41%;52%;42%;48%;46%;46%;49%;40%;38%;39%;30%;.;35%;39%;34%;.;
% voelt zich wel eens onveilig algemeen [2025];44%;55%;45%;49%;52%;44%;49%;57%;57%;61%;58%;44%;38%;43%;46%;47%;53%;59%;54%;53%;44%;46%;46%;51%;52%;49%;49%;44%;40%;.;40%;41%;40%;.;
% voelt zich vaak onveilig algemeen [2007];1%;2%;2%;5%;2%;4%;9%;5%;10%;5%;7%;1%;1%;1%;1%;2%;0%;1%;1%;1%;1%;6%;2%;6%;12%;0%;.;-;4%;-;1%;2%;3%;-;-
% voelt zich vaak onveilig algemeen [2008];2%;3%;5%;5%;3%;4%;7%;5%;8%;8%;8%;2%;1%;1%;0%;0%;1%;2%;2%;3%;0%;5%;3%;5%;10%;3%;1%;.;1%;.;1%;2%;2%;.;-
% voelt zich vaak onveilig algemeen [2009];2%;2%;5%;5%;6%;6%;9%;8%;12%;5%;8%;2%;1%;2%;0%;2%;0%;2%;1%;1%;1%;6%;3%;7%;9%;1%;1%;.;3%;.;1%;1%;1%;.;-
% voelt zich vaak onveilig algemeen [2010];6%;4%;5%;2%;4%;4%;7%;6%;7%;5%;9%;3%;2%;0%;1%;1%;1%;2%;2%;2%;0%;6%;3%;6%;7%;5%;1%;.;2%;.;1%;3%;3%;.;.
% voelt zich vaak onveilig algemeen [2011];3%;3%;4%;5%;5%;1%;5%;7%;8%;10%;10%;1%;2%;3%;0%;3%;2%;2%;0%;3%;1%;5%;1%;6%;14%;5%;1%;.;3%;.;1%;2%;2%;.;-
% voelt zich vaak onveilig algemeen [2013];3%;7%;3%;2%;1%;5%;5%;4%;5%;8%;8%;2%;2%;2%;1%;4%;1%;7%;1%;5%;1%;7%;3%;3%;7%;7%;2%;.;3%;.;1%;1%;2%;.;-
% voelt zich vaak onveilig algemeen [2015];3%;5%;3%;3%;3%;4%;6%;5%;7%;10%;12%;2%;2%;1%;1%;1%;1%;2%;1%;3%;0%;5%;2%;6%;12%;3%;2%;.;2%;.;0%;2%;1%;.;
% voelt zich vaak onveilig algemeen [2017];2%;6%;2%;3%;5%;3%;6%;7%;9%;8%;9%;2%;1%;1%;1%;3%;1%;2%;1%;4%;2%;4%;2%;4%;10%;3%;1%;.;2%;.;5%;2%;2%;.;
% voelt zich vaak onveilig algemeen [2019];2%;4%;3%;2%;2%;4%;4%;8%;5%;9%;8%;3%;1%;2%;0%;0%;2%;3%;2%;3%;3%;6%;3%;5%;8%;2%;0%;3%;2%;.;3%;1%;2%;.;.
% voelt zich vaak onveilig algemeen [2021];4%;4%;2%;4%;4%;4%;5%;9%;6%;5%;7%;2%;3%;2%;2%;1%;0%;5%;2%;6%;3%;6%;2%;3%;7%;2%;2%;3%;3%;.;0%;2%;1%;.;.
% voelt zich vaak onveilig algemeen [2023];3%;4%;8%;2%;4%;3%;5%;9%;8%;9%;12%;2%;2%;1%;1%;2%;1%;4%;2%;5%;3%;3%;3%;5%;6%;3%;4%;6%;2%;.;3%;3%;3%;.;
% voelt zich vaak onveilig algemeen [2025];3%;10%;2%;6%;4%;8%;9%;11%;7%;12%;12%;2%;3%;2%;2%;5%;4%;12%;9%;7%;2%;8%;6%;7%;11%;6%;5%;5%;6%;.;5%;5%;5%;.;
% voelt zich wel eens onveilig in eigen buurt [2006];34%;31%;35%;40%;42%;27%;34%;48%;59%;42%;50%;23%;20%;10%;14%;30%;16%;40%;28%;34%;29%;41%;29%;43%;60%;17%;.;-;16%;-;13%;13%;22%;-;-
% voelt zich wel eens onveilig in eigen buurt [2007];30%;32%;31%;35%;40%;35%;47%;40%;50%;40%;53%;26%;23%;12%;17%;27%;20%;34%;30%;31%;24%;39%;24%;44%;51%;13%;.;-;19%;-;17%;16%;20%;-;-
% voelt zich wel eens onveilig in eigen buurt [2008];31%;35%;32%;46%;36%;39%;55%;45%;51%;45%;47%;31%;20%;19%;20%;29%;20%;31%;31%;41%;29%;39%;35%;45%;50%;27%;29%;.;26%;.;17%;20%;18%;.;-
% voelt zich wel eens onveilig in eigen buurt [2009];34%;37%;36%;45%;42%;40%;53%;54%;49%;49%;55%;35%;23%;21%;22%;34%;21%;43%;32%;37%;25%;47%;33%;46%;61%;24%;15%;.;30%;.;19%;21%;26%;.;-
% voelt zich wel eens onveilig in eigen buurt [2010];36%;28%;45%;40%;37%;32%;42%;45%;41%;44%;40%;30%;20%;17%;12%;19%;21%;26%;24%;32%;22%;36%;25%;42%;41%;31%;15%;.;20%;.;16%;15%;16%;.;.
% voelt zich wel eens onveilig in eigen buurt [2011];29%;33%;29%;33%;33%;23%;39%;40%;38%;45%;40%;24%;16%;13%;18%;21%;18%;35%;30%;34%;21%;41%;18%;42%;51%;34%;18%;.;24%;.;14%;16%;16%;.;-
% voelt zich wel eens onveilig in eigen buurt [2013];35%;45%;37%;35%;37%;32%;42%;43%;40%;45%;46%;33%;21%;14%;19%;23%;21%;37%;27%;37%;23%;38%;30%;44%;52%;34%;19%;.;31%;.;19%;18%;19%;.;-
% voelt zich wel eens onveilig in eigen buurt [2015];29%;46%;38%;41%;39%;34%;41%;54%;46%;44%;54%;26%;22%;19%;18%;24%;23%;33%;26%;38%;26%;39%;26%;45%;42%;29%;19%;.;27%;.;24%;23%;19%;.;
% voelt zich wel eens onveilig in eigen buurt [2017];23%;42%;33%;38%;35%;33%;40%;55%;44%;41%;50%;23%;21%;18%;22%;22%;15%;28%;27%;41%;31%;44%;27%;40%;48%;18%;17%;.;24%;.;19%;22%;21%;.;
% voelt zich wel eens onveilig in eigen buurt [2019];28%;49%;27%;34%;36%;33%;35%;50%;41%;44%;49%;17%;17%;21%;16%;22%;23%;34%;31%;46%;26%;34%;25%;46%;47%;29%;18%;28%;23%;.;19%;22%;24%;.;.
% voelt zich wel eens onveilig in eigen buurt [2021];25%;45%;29%;26%;35%;27%;37%;48%;38%;44%;44%;23%;18%;22%;20%;21%;24%;37%;31%;45%;30%;38%;27%;38%;47%;24%;23%;29%;29%;.;15%;23%;24%;.;.
% voelt zich wel eens onveilig in eigen buurt [2023];28%;45%;41%;36%;40%;28%;42%;50%;47%;42%;48%;22%;23%;18%;27%;25%;20%;44%;36%;49%;32%;43%;36%;43%;51%;29%;31%;34%;23%;.;24%;28%;25%;.;
% voelt zich wel eens onveilig in eigen buurt [2025];30%;51%;31%;38%;42%;35%;43%;49%;53%;57%;50%;31%;18%;22%;22%;27%;26%;59%;47%;47%;29%;43%;37%;47%;52%;39%;41%;33%;28%;.;25%;29%;26%;.;
% voelt zich vaak onveilig in eigen buurt [2007];2%;2%;3%;4%;2%;2%;11%;6%;13%;4%;6%;2%;1%;0%;1%;3%;0%;1%;0%;1%;1%;8%;2%;7%;13%;0%;.;-;4%;-;1%;2%;2%;-;-
% voelt zich vaak onveilig in eigen buurt [2008];2%;4%;5%;6%;2%;4%;7%;6%;10%;8%;8%;2%;1%;0%;0%;0%;1%;1%;1%;3%;1%;6%;2%;6%;10%;3%;0%;.;2%;.;1%;1%;1%;.;-
% voelt zich vaak onveilig in eigen buurt [2009];1%;1%;4%;6%;4%;6%;9%;8%;11%;7%;8%;2%;1%;1%;0%;1%;1%;3%;1%;2%;1%;5%;3%;6%;8%;1%;0%;.;2%;.;1%;1%;1%;.;-
% voelt zich vaak onveilig in eigen buurt [2010];5%;4%;6%;2%;5%;4%;6%;8%;5%;4%;9%;2%;1%;0%;0%;1%;1%;1%;1%;2%;0%;4%;3%;7%;6%;4%;1%;.;2%;.;1%;3%;1%;.;.
% voelt zich vaak onveilig in eigen buurt [2011];2%;4%;5%;7%;4%;2%;7%;8%;9%;10%;12%;1%;1%;1%;0%;3%;1%;3%;1%;3%;1%;4%;1%;7%;14%;6%;1%;.;4%;.;1%;2%;2%;.;-
% voelt zich vaak onveilig in eigen buurt [2013];1%;7%;2%;3%;2%;4%;8%;5%;8%;11%;7%;3%;1%;0%;1%;3%;1%;7%;1%;3%;1%;7%;4%;2%;11%;6%;3%;.;4%;.;1%;1%;2%;.;-
% voelt zich vaak onveilig in eigen buurt [2015];2%;6%;3%;4%;2%;4%;5%;8%;7%;12%;14%;2%;2%;0%;0%;1%;1%;2%;2%;3%;0%;5%;2%;4%;12%;2%;1%;.;2%;.;0%;3%;2%;.;
% voelt zich vaak onveilig in eigen buurt [2017];1%;6%;2%;3%;4%;3%;7%;8%;10%;10%;9%;1%;1%;1%;1%;3%;0%;2%;1%;6%;2%;4%;3%;3%;9%;3%;0%;.;1%;.;3%;2%;2%;.;
% voelt zich vaak onveilig in eigen buurt [2019];1%;5%;2%;2%;3%;4%;4%;11%;7%;11%;9%;3%;1%;2%;0%;0%;1%;3%;2%;3%;3%;5%;2%;6%;10%;1%;1%;4%;2%;.;2%;1%;1%;.;.
% voelt zich vaak onveilig in eigen buurt [2021];3%;4%;3%;4%;4%;3%;7%;10%;7%;8%;6%;2%;2%;2%;1%;0%;1%;7%;2%;7%;3%;5%;1%;3%;9%;3%;1%;4%;3%;.;0%;1%;3%;.;.
% voelt zich vaak onveilig in eigen buurt [2023];3%;5%;5%;2%;4%;5%;7%;8%;8%;13%;13%;1%;1%;1%;1%;2%;0%;3%;3%;6%;4%;5%;4%;6%;10%;3%;3%;4%;1%;.;2%;3%;3%;.;
% voelt zich vaak onveilig in eigen buurt [2025];4%;10%;1%;6%;4%;7%;9%;13%;11%;12%;11%;4%;2%;1%;2%;3%;2%;14%;8%;6%;3%;9%;4%;6%;15%;5%;4%;5%;3%;.;5%;4%;3%;.;
% vaak last van jongeren op straat in de buurt [2006];17%;18%;21%;21%;33%;15%;22%;45%;51%;31%;41%;20%;11%;3%;5%;26%;5%;33%;23%;12%;11%;30%;20%;29%;65%;9%;.;-;11%;-;11%;7%;15%;-;-
% vaak last van jongeren op straat in de buurt [2007];21%;19%;13%;22%;30%;22%;34%;34%;37%;26%;39%;20%;15%;4%;5%;27%;6%;36%;17%;12%;7%;32%;19%;26%;51%;4%;.;-;19%;-;10%;9%;13%;-;-
% vaak last van jongeren op straat in de buurt [2008];16%;18%;25%;20%;26%;19%;33%;35%;33%;32%;41%;16%;6%;4%;6%;22%;6%;26%;23%;18%;14%;32%;27%;27%;48%;12%;2%;.;23%;.;9%;14%;13%;.;-
% vaak last van jongeren op straat in de buurt [2009];9%;15%;13%;15%;20%;13%;23%;39%;24%;20%;31%;15%;10%;4%;4%;16%;4%;29%;14%;9%;8%;28%;18%;14%;37%;6%;4%;.;14%;.;5%;8%;5%;.;-
% vaak last van jongeren op straat in de buurt [2010];17%;18%;22%;25%;23%;21%;30%;38%;29%;24%;42%;20%;14%;6%;11%;21%;5%;37%;17%;14%;14%;32%;23%;26%;48%;17%;8%;.;18%;.;7%;10%;10%;.;.
% vaak last van jongeren op straat in de buurt [2011];15%;22%;19%;26%;24%;9%;28%;37%;28%;27%;41%;19%;15%;7%;13%;16%;5%;43%;26%;13%;12%;31%;18%;27%;56%;20%;10%;.;19%;.;11%;13%;9%;.;-
% vaak last van jongeren op straat in de buurt [2013];14%;26%;18%;22%;23%;16%;26%;36%;29%;31%;34%;22%;9%;5%;12%;17%;8%;40%;20%;16%;10%;27%;22%;16%;42%;14%;5%;.;18%;.;14%;11%;9%;.;-
% vaak last van jongeren op straat in de buurt [2015];9%;30%;14%;26%;22%;19%;31%;51%;32%;29%;46%;19%;8%;9%;7%;18%;8%;36%;21%;13%;14%;35%;18%;24%;48%;13%;11%;.;18%;.;9%;11%;10%;.;
% vaak last van jongeren op straat in de buurt [2017];13%;34%;19%;21%;23%;16%;35%;35%;35%;37%;43%;16%;7%;8%;15%;16%;10%;36%;17%;30%;19%;32%;24%;26%;46%;12%;10%;.;17%;.;6%;12%;7%;.;
% vaak last van jongeren op straat in de buurt [2019];13%;32%;13%;17%;24%;16%;24%;41%;36%;27%;48%;7%;5%;9%;9%;18%;7%;31%;22%;18%;16%;25%;22%;26%;38%;9%;7%;20%;11%;.;9%;14%;9%;.;.
% vaak last van jongeren op straat in de buurt [2021];14%;32%;16%;15%;24%;21%;35%;44%;38%;29%;36%;16%;12%;14%;11%;15%;9%;35%;26%;16%;19%;24%;16%;26%;44%;14%;14%;24%;14%;.;11%;20%;18%;.;.
% vaak last van jongeren op straat in de buurt [2023];11%;25%;18%;19%;19%;12%;29%;35%;27%;29%;34%;11%;6%;14%;8%;16%;5%;31%;23%;21%;16%;29%;16%;20%;40%;15%;16%;18%;13%;.;14%;15%;9%;.;
% vaak last van jongeren op straat in de buurt [2025];17%;24%;12%;17%;24%;19%;30%;44%;39%;37%;37%;15%;7%;8%;8%;16%;6%;38%;22%;17%;17%;30%;14%;26%;47%;29%;28%;22%;15%;.;8%;18%;8%;.;
% vaak last van drugsgebruik of drugshandel in de buurt [2017];14%;37%;26%;17%;20%;8%;20%;22%;25%;23%;33%;9%;3%;8%;8%;5%;2%;13%;18%;18%;6%;13%;11%;14%;24%;4%;5%;.;5%;.;3%;3%;6%;.;
% vaak last van drugsgebruik of drugshandel in de buurt [2019];20%;44%;27%;14%;21%;11%;19%;34%;32%;25%;34%;9%;3%;14%;8%;9%;5%;21%;20%;16%;9%;10%;14%;18%;25%;7%;5%;13%;5%;.;1%;5%;7%;.;.
% vaak last van drugsgebruik of drugshandel in de buurt [2021];15%;37%;16%;14%;18%;11%;26%;36%;35%;28%;30%;10%;3%;10%;10%;4%;3%;19%;17%;16%;13%;21%;10%;12%;26%;11%;10%;15%;11%;.;7%;11%;8%;.;.
% vaak last van drugsgebruik of drugshandel in de buurt [2023];13%;25%;16%;20%;19%;11%;17%;33%;26%;30%;34%;8%;5%;12%;13%;7%;3%;30%;23%;24%;10%;23%;11%;15%;30%;9%;13%;10%;5%;.;11%;9%;9%;.;
% vaak last van drugsgebruik of drugshandel in de buurt [2025];12%;30%;12%;13%;16%;14%;20%;29%;33%;32%;27%;9%;5%;12%;13%;7%;4%;42%;34%;27%;8%;22%;15%;16%;29%;11%;13%;10%;7%;.;9%;13%;7%;.;
% jeugdproblematiek [2011];16%;12%;14%;18%;14%;11%;24%;25%;25%;17%;26%;13%;19%;4%;16%;7%;6%;13%;8%;18%;16%;26%;20%;19%;31%;25%;11%;.;22%;.;17%;14%;10%;.;-
% jeugdproblematiek [2013];9%;9%;17%;13%;12%;19%;18%;26%;15%;16%;19%;15%;8%;5%;11%;11%;5%;13%;8%;18%;12%;21%;21%;12%;19%;18%;8%;.;16%;.;18%;10%;8%;.;-
% jeugdproblematiek [2015];6%;10%;9%;8%;10%;14%;20%;30%;16%;13%;24%;10%;7%;4%;3%;6%;4%;10%;8%;11%;14%;16%;12%;7%;20%;12%;9%;.;15%;.;17%;11%;8%;.;
% jeugdproblematiek [2017];6%;11%;17%;7%;8%;11%;20%;23%;16%;17%;22%;4%;4%;3%;5%;8%;3%;7%;6%;24%;13%;22%;12%;7%;19%;10%;7%;.;11%;.;7%;14%;7%;.;
% jeugdproblematiek [2019];10%;11%;7%;5%;11%;11%;15%;16%;17%;11%;17%;4%;6%;5%;6%;8%;4%;7%;4%;14%;11%;14%;12%;13%;15%;7%;3%;7%;8%;.;9%;13%;12%;.;.
% voelde zich op straat geïntimideerd de laatste 12 maanden [2019];28%;47%;37%;42%;39%;33%;35%;33%;29%;26%;27%;32%;25%;37%;37%;36%;39%;42%;44%;32%;34%;26%;33%;37%;30%;27%;22%;31%;24%;.;18%;26%;18%;.;.
% voelde zich op straat geïntimideerd de laatste 12 maanden [2021];23%;38%;40%;33%;40%;39%;35%;35%;29%;32%;28%;34%;29%;34%;38%;33%;34%;43%;38%;29%;39%;24%;32%;34%;33%;24%;24%;29%;24%;.;20%;21%;21%;.;.
% voelde zich op straat geïntimideerd de laatste 12 maanden [2023];35%;40%;38%;48%;40%;41%;32%;32%;37%;25%;26%;37%;26%;34%;40%;37%;38%;49%;47%;34%;42%;33%;39%;36%;37%;26%;28%;31%;23%;.;20%;26%;19%;.;
% voelde zich op straat geïntimideerd de laatste 12 maanden [2025];39%;55%;43%;47%;45%;39%;43%;40%;37%;39%;34%;36%;29%;31%;40%;41%;42%;55%;49%;37%;40%;37%;35%;43%;43%;38%;35%;33%;29%;.;26%;29%;29%;.;
% voelde zich op straat niet geïntimideerd de laatste 12 maanden [2019];71%;52%;60%;54%;58%;64%;60%;65%;68%;73%;59%;67%;74%;62%;63%;63%;59%;58%;54%;65%;65%;68%;66%;59%;62%;71%;75%;65%;74%;.;82%;72%;80%;.;.
% voelde zich op straat niet geïntimideerd de laatste 12 maanden [2021];73%;57%;57%;65%;57%;57%;63%;59%;66%;60%;63%;65%;70%;65%;61%;64%;64%;56%;61%;67%;60%;68%;64%;63%;62%;74%;75%;71%;76%;.;79%;78%;78%;.;.
% voelde zich op straat niet geïntimideerd de laatste 12 maanden [2023];64%;57%;59%;51%;56%;55%;61%;62%;54%;69%;69%;61%;73%;65%;58%;60%;60%;49%;51%;62%;57%;62%;58%;60%;57%;70%;68%;68%;76%;.;78%;71%;77%;.;
% voelde zich op straat niet geïntimideerd de laatste 12 maanden [2025];60%;42%;55%;47%;52%;56%;52%;50%;57%;52%;58%;63%;70%;67%;60%;58%;57%;44%;49%;60%;58%;57%;61%;53%;48%;57%;60%;62%;67%;.;70%;67%;67%;.;
% zegt liever niet of ze zich op straat geïntimideerd voelden de laatste 12 maanden [2019];2%;2%;4%;4%;3%;3%;5%;2%;2%;1%;13%;1%;1%;1%;0%;1%;1%;0%;2%;3%;1%;6%;2%;4%;9%;1%;3%;4%;2%;.;1%;2%;2%;.;.
% zegt liever niet of ze zich op straat geïntimideerd voelden de laatste 12 maanden [2021];4%;5%;3%;2%;3%;4%;2%;7%;5%;8%;9%;1%;1%;1%;1%;3%;2%;1%;0%;4%;1%;7%;4%;2%;5%;3%;1%;1%;0%;.;1%;1%;1%;.;.
% zegt liever niet of ze zich op straat geïntimideerd voelden de laatste 12 maanden [2023];1%;3%;3%;1%;4%;3%;7%;6%;8%;6%;5%;2%;1%;1%;2%;3%;2%;2%;2%;4%;1%;5%;3%;4%;7%;4%;4%;1%;1%;.;2%;3%;4%;.;
% zegt liever niet of ze zich op straat geïntimideerd voelden de laatste 12 maanden [2025];1%;3%;2%;6%;3%;5%;5%;10%;6%;8%;8%;1%;1%;2%;1%;1%;1%;2%;2%;4%;2%;6%;4%;4%;8%;5%;5%;5%;3%;.;4%;4%;4%;.;
